{
  "code": 0,
  "msg": "沉降监测",
  "data": [
    {
      "id": "1",
      "cirbi":"1号大桥",
      "items":[
          {
            "id":"001",
            "type":"red"
          },
          {
            "id":"002",
            "type":"range"
          },
          {
            "id":"003",
            "type":"green"
          }
      ]
    },
    {
      "id": "2",
      "cirbi":"2号大桥",
      "items":[
          {
            "id":"001",
            "type":"red"
          }
      ]
    },
    {
      "id": "3",
      "cirbi":"3号大桥",
      "items":[
          {
            "id":"002",
            "type":"range"
          },
          {
            "id":"003",
            "type":"green"
          }
      ]
    }
  ]
}