{
  "code": 0,
  "msg": "",
  "count": 3,
  "data": [
    {
      "usersId": "1",
      "userName": "西安南郊特大桥",
      "userEmail": "西安铁路局",
      "userSex": "延西线",
      "userStatus": "0",
      "userGrade": "4",
      "userEndTime": "2018-01-31 10:00",
      "userDesc" : "layuiCMS作者，原名‘请叫我马哥’"
    },{
      "usersId": "2",
      "userName": "西安南北特大桥",
      "userEmail": "西安铁路局",
      "userSex": "延西线",
      "userStatus": "0",
      "userGrade": "3",
      "userEndTime": "2018-01-14 15:35",
      "userDesc" : "layui框架作者，性别至今是个谜。。。"
    },
    {
      "usersId": "3",
      "userName": "西安南西特大桥",
      "userEmail": "西安铁路局",
      "userSex": "延西线",
      "userStatus": "1",
      "userGrade": "2",
      "userEndTime": "2018-01-25 16:25",
      "userDesc" : "fly社区管理员，据传与layui作者有奸情，故帐号被封。"
    }
  ]
}